text,emotion
water aquatic_vertebrate helping liquid body_covering via diffusion water aquatic_vertebrate helping liquid rima percoid_fish military_personnel hominid state,happy
deliberation everyone necessity activity newspaper change_state penetrate every time_unit being,neutral
agree google office natural_elevation orientation california appellation google alex,neutral
thats joke electrical_phenomenon corporate_executive rest_day ficha didnt knowing larry leaf regenerate,neutral
oh yeah not knowing either also poverty shift google alex seat bovid line field consumption,surprised
opportunity,surprised
yeah apparently lol instead employee group line,happy
thats joke opinion imaginative time_off huge school institution state actual bovid,surprised
yeah exactly sure cheap digit situation gamble not accomplishment aquatic_vertebrate deliberation aquatic_vertebrate coldness actually variety siphonophore celebrity,surprised
remember proceeding permanence material siphonophore haha knowing restaurant aquatic_vertebrate actual external_body_part,neutral
joke opinion never think restaurant aquatic_vertebrate achromatic_color taste aquatic_vertebrate sound_property large_indefinite_quantity kind diapsid eat commune size,surprised
opinion be language_unit,surprised
be also not knowing quality water water aquatic_vertebrate helping,surprised
thats lunatic astonishment fresh liquid digit activity diffusion,neutral
negative would emotion regular_payment hourly endowment adorable feline im,happy
yeah would large_indefinite_quantity diversion not know feline physical_condition large_indefinite_quantity necessity nice,surprised
opinion thats construction feline time_period liquid_body_substance,happy
oh yeah opinion angular_distance angular_distance day municipality alaska civil_authority feline,surprised
greeting kind art,neutral
emotion art large_indefinite_quantity,happy
really quality advantage case,neutral
art large_indefinite_quantity diversion knowing bruce lee achiever performer,happy
perceive victory cha cha high_status everything,surprised
affirmative surprise hong kong cha cha high_status body_part 1958 information,surprised
always deliberation martial creation story art story category,neutral
yeah rodent sovereign compound_lever thats pretty coldness would definitely never opinion,neutral
neither insane message famous singer,surprised
indeed auditory_communication day room legislature,neutral
not knowing acknowledgment assets,surprised
joke surprise liquid_body_substance talented musician performer not day art kind day imagination,surprised
neither could never adult performer,neutral
perceive adult stage_dancing performer shift digit set footwear time_period,surprised
lunatic not cheap,surprised
negative deliberation expensive adult stage_dancing performer military_installation,neutral
achiever converse necessity shift return metallic_element shift return bruce lee martial creation relation definitely not art,neutral
angular_distance angular_distance nice conversation excavation nice time_unit concession,happy
concession,neutral
affirmative return activity advantage nice conversation,happy
affirmative google activity income reason quality move traveler small_indefinite_quantity moon,surprised
google moon activity activity dairy_product end increase,surprised
knowing google representation reason collection,surprised
curiosity google really income natural_object collection area physical_phenomenon activity proportion worldwide physical_phenomenon,surprised
google motorboat gmail language_unit people electronic_communication work speech_act facility computer actually be diversion,surprised
communicate feline would emotion return good_health illumination digit south korea,happy
be diversion reminds anderson building bedroom_furniture meal minnesota activity speech_act people feline time_period publication area,surprised
joke municipality alaska civil_authority municipality feline,surprised
coldness feline pretty pain currency not feline currency inaction time_period,surprised
indeed pain academician nice conversation,happy
kind performer publication,happy
not perceive knowing performer publication story stan lee activity extremity every electronic_equipment speech packing_material,happy
publication present size performer publication activity japan accept male_offspring emotion publication manga,happy
manga activity japan numerical_quantity digit digit large_integer monetary_unit,happy
not knowing astonishment many group activity examination japan nucleotide performer publication activity nucleotide canada large_integer,happy
agree happening cinematic natural_object income point earth 199999 multiverse different creation performer publication multiverse earth 616,happy
arouse trans different actually turn sideways rotation around sun rather rotation kind celestial_body,happy
necessity pretty big not poverty ever meeting unnamed celestial_body piece solid solid sideways 4500 rate,happy
haha advantage property option,happy
accept celestial_body communicable_disease relative_quantity touched natural_object diverse,surprised
surprise ever create_by_mental_act,surprised
yeah day point exist never able seat far away,surprised
opportunity attribute propulsion collection region natural_object could seat,neutral
affirmative opportunity albeit cognitive_state digit lepton natural_object kind group opportunity,surprised
yeah digit natural_object not be philosophy,surprised
lepton relation concern liquid helping seat sit opportunity digit lepton natural_object kind opportunity digit atom cereal baked_goods,surprised
kind awareness option property word natural_object magnitude lepton could big,disgust
not knowing extremity psychological_feature message deliberation information performer would deliberation nucleotide create_by_mental_act japan uk,neutral
activity time_of_life not activity emotion policeman device,happy
not be poverty publication performer publication shift room deliberation important_person performer publication injustice publication large_indefinite_quantity animal inhabitant,surprised
excavation case choice cry fool publication broadcasting,neutral
saying large_indefinite_quantity wit broadcasting not deliberation think performer publication nice time_unit,happy
greeting affirmative huge device celestial_body military_action also emotion rank commissioned_military_officer product sound naval deliberation coldness,happy
agree not also joke james peer jones spend digit common_fraction time_unit evidence formation earth kind also not accept give 7500 guez pouch happening,surprised
7500 amazingly air_mass opinion since earth kind disguise jones could evidence everything workplace,neutral
agree also accept george lucas spouse case region secondary_school grant change celestial_body military_action yet george lucas not victory secondary_school grant order downright unbelievable,surprised
large_indefinite_quantity group deliberation ot large_indefinite_quantity advantage prequel power,neutral
yeah many commissioned_military_officer happening kind kind lia advantage condition touch cult computer_network change etc truly big power,neutral
yeah would timepiece excavation also device chewbacca emotion deliberation joke placental currency telephone chewbacca placental hilarious,surprised
would kind seat excavation knowing chewbacca actually spouse digit male pretty curiosity,neutral
kind also forget friendship chewbacca dynasty activity beard commissioned_military_officer,neutral
yeah not remember definitely not be kind kind,neutral
indeed always kind chewbacca remind animal domestic_animal angular_distance communicate domestic_animal deliberation coldness domestic_animal along pachyderm organism understand component,neutral
not affect feline understand not work lol,happy
angular_distance negative juvenile communicate domestic_animal feline kind google like domestic_animal feline day administrative_district written_communication activity domestic_animal institution awesome,happy
yeah Anglo-Saxon_deity skilled_worker plan_of_action speculate person activity motor nice converse,happy
language_unit double feline written_record feline cute,neutral
necessity psychic_phenomena shift tell teh situation sad message tell less person be state asia animal nucleotide,sad
really awful perceive,surprised
roosevelt large_integer animal digit carnivore canine,surprised
coldness knowing be quite organism person,surprised
animal japan juvenile not animal businessman rock preserver,surprised
coldness language_unit knowing large_integer large_integer organism collection earth,surprised
yeah inlet land imaginary_being defend 1912 English organism activity legal_document,surprised
lol utterance liquid organism knowing reflex position process British_capacity_unit,surprised
excavation advantage activity group change new state,happy
affirmative restaurant not advantage goal knowing pinniped_mammal aquatic_vertebrate external_body_part,surprised
not deliberation achromatic_color taste aquatic_vertebrate would advantage friend animal either eat victim twice fundamental_quantity,surprised
probably not domestic_animal locomotion advantage elasticity friendship effort case,neutral
digit shift knowing adapt organism create person marking feature,neutral
coldness conversation knowing 6331 abstraction sequence tract experience organism,surprised
deliberation sad relation animal right hypersensitivity_reaction pair group_action kind lover amy music,sad
